Timestamp,CPU_Usage_Percent,Memory_Usage_Percent,Disk_Usage_Percent
2025-12-15 20:23:35,48.3,70.4,41.8
2025-12-15 20:23:40,61.9,71.2,41.8
2025-12-15 20:23:45,54.9,71.0,41.8
2025-12-15 20:23:50,60.9,71.9,41.8
2025-12-15 20:23:55,17.0,71.3,41.8
2025-12-15 20:24:00,19.9,70.9,41.8
2025-12-15 20:24:05,25.0,68.7,41.8
2025-12-15 20:24:10,28.0,68.7,41.8
2025-12-15 20:24:15,19.3,68.7,41.8
2025-12-15 20:24:20,34.3,68.3,41.8
2025-12-15 20:24:25,47.3,68.9,41.8
2025-12-15 20:24:30,42.2,69.1,41.8
2025-12-15 20:24:35,45.2,69.5,41.8
2025-12-15 20:24:40,48.9,69.3,41.8
2025-12-15 20:24:45,39.9,69.4,41.8
2025-12-15 20:24:50,43.5,69.4,41.8
2025-12-15 20:24:55,18.8,68.8,41.8
2025-12-15 20:25:00,21.2,69.0,41.8
2025-12-15 20:25:05,15.6,68.6,41.8
2025-12-15 20:25:10,9.9,68.4,41.8
2025-12-15 20:25:15,14.3,67.9,41.8
2025-12-15 20:25:20,23.2,68.5,41.8
2025-12-15 20:25:25,32.4,69.0,41.8
2025-12-15 20:25:30,35.4,68.9,41.8
2025-12-15 20:25:35,24.0,68.9,41.8
2025-12-15 20:25:40,47.7,68.4,41.8
2025-12-15 20:25:45,31.3,68.8,41.8
2025-12-15 20:25:50,25.2,68.4,41.8
2025-12-15 20:25:55,24.1,68.2,41.8
2025-12-15 20:26:00,45.5,68.5,41.8
2025-12-15 20:26:05,20.7,68.5,41.8
2025-12-15 20:26:10,24.8,68.4,41.8
2025-12-15 20:26:15,26.9,68.2,41.8
2025-12-15 20:26:20,27.4,67.4,41.8
2025-12-15 20:26:25,50.6,68.5,41.8
2025-12-15 20:26:30,52.3,68.6,41.8
2025-12-15 20:26:35,40.3,69.8,41.8
2025-12-15 20:26:40,62.7,70.2,41.8
2025-12-15 20:26:45,56.2,70.5,41.8
2025-12-15 20:26:50,38.4,70.8,41.8
2025-12-15 20:26:55,23.8,70.5,41.8
2025-12-15 20:27:00,49.2,70.3,41.8
2025-12-15 20:27:05,58.5,70.4,41.8
2025-12-15 20:27:10,38.6,70.3,41.8
2025-12-15 20:27:15,62.0,70.7,41.8
2025-12-15 20:27:20,36.3,70.7,41.8
2025-12-15 20:27:25,57.4,70.6,41.8
2025-12-15 20:27:30,33.8,70.1,41.8
2025-12-15 20:27:35,38.5,70.2,41.8
2025-12-15 20:27:40,46.0,71.2,41.8
2025-12-15 20:27:45,33.1,70.9,41.8
2025-12-15 20:27:50,32.4,71.3,41.8
2025-12-15 20:27:55,16.0,70.1,41.8
2025-12-15 20:28:00,8.6,69.7,41.8
2025-12-15 20:28:05,32.8,71.2,41.8
2025-12-15 20:28:10,33.7,69.9,41.8
2025-12-15 20:28:15,22.6,69.8,41.8
2025-12-15 20:28:20,21.7,69.8,41.8
2025-12-15 20:28:25,80.6,70.1,41.8
2025-12-15 20:28:30,54.2,70.3,41.8
2025-12-15 20:28:35,74.6,70.4,41.8
2025-12-15 20:28:40,39.9,70.7,41.8
2025-12-15 20:28:45,37.7,72.1,41.8
2025-12-15 20:28:50,40.6,72.0,41.8
2025-12-15 20:28:55,34.6,72.3,41.8
2025-12-15 20:29:00,28.2,71.8,41.8
2025-12-15 20:29:05,15.8,71.5,41.8
2025-12-15 20:29:10,17.1,71.4,41.8
2025-12-15 20:29:15,40.4,70.8,41.8
2025-12-15 20:29:20,34.3,69.4,41.8
2025-12-15 20:29:25,39.4,69.4,41.8
2025-12-15 20:29:30,22.7,70.0,41.8
2025-12-15 20:29:35,40.5,70.0,41.8
2025-12-15 20:29:40,41.7,70.1,41.8
2025-12-15 20:29:45,38.3,70.7,41.8
2025-12-15 20:29:50,22.4,70.6,41.8
2025-12-15 20:29:55,31.2,70.8,41.8
2025-12-15 20:30:00,25.4,70.4,41.8
2025-12-15 20:30:05,15.5,70.7,41.8
2025-12-15 20:30:10,9.5,70.6,41.8
2025-12-15 20:30:15,3.7,70.4,41.8
2025-12-15 20:30:20,6.1,70.3,41.8
2025-12-15 20:30:25,12.3,70.2,41.8
2025-12-15 20:30:30,6.0,70.0,41.8
2025-12-15 20:30:35,38.0,70.8,41.8
2025-12-15 20:30:40,4.5,71.2,41.8
2025-12-15 20:30:45,6.2,71.2,41.8
2025-12-15 20:30:50,9.8,71.3,41.8
2025-12-15 20:30:55,4.8,71.0,41.8
2025-12-15 20:31:00,18.8,71.3,41.8
2025-12-15 20:31:05,25.5,70.2,41.8
2025-12-15 20:31:10,16.3,69.3,41.8
2025-12-15 20:31:15,33.8,69.9,41.8
2025-12-15 20:31:20,26.1,69.8,41.8
2025-12-15 20:31:25,36.2,69.7,41.8
2025-12-15 20:31:30,23.4,69.4,41.8
2025-12-15 20:31:35,19.3,70.1,41.8
2025-12-15 20:31:40,28.8,70.2,41.8
2025-12-15 20:31:45,27.5,70.2,41.8
2025-12-15 20:31:50,32.9,70.2,41.8
2025-12-15 20:31:55,30.0,70.1,41.8
2025-12-15 20:32:00,26.2,70.0,41.8
2025-12-15 20:32:05,25.9,69.7,41.8
2025-12-15 20:32:10,16.4,69.5,41.8
2025-12-15 20:32:15,53.9,70.6,41.8
2025-12-15 20:32:20,21.3,71.9,41.8
2025-12-15 20:32:25,39.1,71.9,41.8
2025-12-15 20:32:30,14.5,71.8,41.8
2025-12-15 20:32:35,12.7,71.4,41.8
2025-12-15 20:32:40,20.4,71.2,41.8
2025-12-15 20:32:45,34.2,71.0,41.8
2025-12-15 20:32:50,16.7,69.1,41.8
2025-12-15 20:32:55,22.8,69.2,41.8
2025-12-15 20:33:00,26.3,69.4,41.8
2025-12-15 20:33:05,16.2,69.5,41.8
2025-12-15 20:33:10,35.3,69.9,41.8
2025-12-15 20:33:15,41.4,70.5,41.8
2025-12-15 20:33:20,29.6,70.6,41.8
2025-12-15 20:33:25,41.7,70.5,41.8
2025-12-15 20:33:30,27.1,70.5,41.8
2025-12-15 20:33:35,28.1,70.4,41.8
2025-12-15 20:33:40,23.9,70.4,41.8
2025-12-15 20:33:45,31.3,70.3,41.8
2025-12-15 20:33:50,28.5,70.2,41.8
2025-12-15 20:33:55,22.9,70.1,41.8
2025-12-15 20:34:00,26.2,70.2,41.8
2025-12-15 20:34:05,28.8,70.3,41.8
2025-12-15 20:34:10,30.2,70.6,41.8
2025-12-15 20:34:15,33.6,70.5,41.8
2025-12-15 20:34:20,51.7,70.8,41.8
2025-12-15 20:34:25,38.0,70.6,41.8
2025-12-15 20:34:30,36.3,70.6,41.8
2025-12-15 20:34:35,28.2,70.6,41.8
2025-12-15 20:34:40,14.1,70.5,41.8
2025-12-15 20:34:45,12.7,69.6,41.8
2025-12-15 20:34:50,14.8,69.1,41.8
2025-12-15 20:34:55,10.9,69.0,41.8
2025-12-15 20:35:00,10.5,68.9,41.8
2025-12-15 20:35:05,13.1,69.0,41.8
2025-12-15 20:35:10,14.6,68.9,41.8
2025-12-15 20:35:15,13.9,69.5,41.8
2025-12-15 20:35:20,15.3,69.7,41.8
2025-12-15 20:35:25,16.6,69.7,41.8
2025-12-15 20:35:30,26.7,69.7,41.8
2025-12-15 20:35:35,12.4,69.7,41.8
2025-12-15 20:35:40,10.6,69.8,41.8
2025-12-15 20:35:45,14.1,69.7,41.8
2025-12-15 20:35:50,20.3,69.6,41.8
2025-12-15 20:35:55,14.9,69.7,41.8
2025-12-15 20:36:00,23.6,68.9,41.8
2025-12-15 20:36:05,14.5,69.0,41.8
2025-12-15 20:36:10,13.5,69.1,41.8
2025-12-15 20:36:15,13.7,69.4,41.8
2025-12-15 20:36:20,12.7,69.3,41.8
2025-12-15 20:36:25,25.5,69.4,41.8
2025-12-15 20:36:30,19.2,69.9,41.8
2025-12-15 20:36:35,51.9,70.6,41.8
2025-12-15 20:36:40,18.0,70.8,41.8
2025-12-15 20:36:45,13.9,70.6,41.8
2025-12-15 20:36:50,16.9,70.4,41.8
2025-12-15 20:36:55,16.7,70.3,41.8
2025-12-15 20:37:00,19.3,70.2,41.8
2025-12-15 20:37:05,13.5,70.9,41.8
2025-12-15 20:37:10,13.2,70.9,41.8
2025-12-15 20:37:15,13.0,70.8,41.8
2025-12-15 20:37:20,16.5,70.7,41.8
2025-12-15 20:37:25,11.2,70.9,41.8
2025-12-15 20:37:30,20.7,69.8,41.8
2025-12-15 20:37:35,39.8,69.0,41.8
2025-12-15 20:37:40,20.4,69.3,41.8
2025-12-15 20:37:45,9.9,68.7,41.8
2025-12-15 20:37:50,13.3,68.3,41.8
2025-12-15 20:37:55,12.3,68.3,41.8
2025-12-15 20:38:00,12.8,68.4,41.8
2025-12-15 20:38:05,14.1,69.0,41.8
2025-12-15 20:38:10,14.0,69.0,41.8
2025-12-15 20:38:15,14.6,69.0,41.8
2025-12-15 20:38:20,9.7,69.0,41.8
2025-12-15 20:38:25,16.5,68.9,41.8
2025-12-15 20:38:30,12.7,68.8,41.8
2025-12-15 20:38:35,15.4,68.5,41.8
2025-12-15 20:38:40,13.4,68.5,41.8
2025-12-15 20:38:45,12.5,68.5,41.8
2025-12-15 20:38:50,9.6,68.5,41.8
2025-12-15 20:38:55,10.0,68.5,41.8
2025-12-15 20:39:00,15.9,68.5,41.8
2025-12-15 20:39:05,12.4,68.6,41.8
2025-12-15 20:39:10,12.3,68.6,41.8
2025-12-15 20:39:15,10.1,68.5,41.8
2025-12-15 20:39:20,13.3,68.5,41.8
2025-12-15 20:39:25,15.9,68.6,41.8
2025-12-15 20:39:30,13.9,68.6,41.8
2025-12-15 20:39:35,16.2,68.6,41.8
2025-12-15 20:39:40,18.6,68.6,41.8
2025-12-15 20:39:45,12.0,68.6,41.8
2025-12-15 20:39:50,11.9,68.6,41.8
2025-12-15 20:39:55,11.9,68.6,41.8
2025-12-15 20:40:00,14.4,68.5,41.8
2025-12-15 20:40:05,10.7,68.5,41.8
2025-12-15 20:40:10,33.5,68.5,41.8
2025-12-15 20:40:15,32.8,68.8,41.8
2025-12-15 20:40:20,12.7,68.7,41.8
2025-12-15 20:40:25,41.0,70.1,41.8
2025-12-15 20:40:30,16.0,70.1,41.8
2025-12-15 20:40:35,19.1,69.9,41.8
2025-12-15 20:40:40,9.9,69.8,41.8
2025-12-15 20:40:45,12.1,69.8,41.8
2025-12-15 20:40:50,14.3,69.8,41.8
2025-12-15 20:40:55,12.7,68.2,41.8
2025-12-15 20:41:00,24.2,68.6,41.8
2025-12-15 20:41:05,15.9,68.6,41.8
2025-12-15 20:41:10,17.9,68.9,41.8
2025-12-15 20:41:15,11.2,64.7,41.8
2025-12-15 20:41:20,11.7,64.7,41.8
2025-12-15 20:41:25,18.9,65.0,41.8
2025-12-15 20:41:30,14.8,65.0,41.8
2025-12-15 20:41:35,18.4,65.0,41.8
2025-12-15 20:41:40,22.4,65.0,41.8
2025-12-15 20:41:45,8.9,65.0,41.8
2025-12-15 20:41:50,14.5,65.0,41.8
2025-12-15 20:41:55,13.6,64.7,41.8
2025-12-15 20:42:00,16.2,64.6,41.8
2025-12-15 20:42:05,20.2,64.6,41.8
2025-12-15 20:42:10,13.1,64.5,41.8
2025-12-15 20:42:15,13.1,64.5,41.8
2025-12-15 20:42:20,21.0,64.5,41.8
2025-12-15 20:42:25,53.2,65.0,41.8
2025-12-15 20:42:30,16.3,65.2,41.8
2025-12-15 20:42:35,25.4,65.1,41.8
2025-12-15 20:42:40,23.7,65.8,41.8
2025-12-15 20:42:45,16.8,66.3,41.8
2025-12-15 20:42:50,12.9,66.4,41.8
2025-12-15 20:42:55,11.8,66.4,41.8
2025-12-15 20:43:00,13.1,66.3,41.8
2025-12-15 20:43:05,11.6,66.3,41.8
2025-12-15 20:43:10,16.2,65.2,41.8
2025-12-15 20:43:15,17.4,65.0,41.8
2025-12-15 20:43:20,12.2,65.0,41.8
2025-12-15 20:43:25,14.0,65.0,41.8
2025-12-15 20:43:30,11.5,65.0,41.8
2025-12-15 20:43:35,11.8,65.6,41.8
2025-12-15 20:43:40,13.0,65.6,41.8
2025-12-15 20:43:45,17.9,65.6,41.8
2025-12-15 20:43:50,32.3,65.9,41.8
2025-12-15 20:43:55,14.9,65.9,41.8
2025-12-15 20:44:00,10.6,66.0,41.8
2025-12-15 20:44:05,10.8,66.1,41.8
2025-12-15 20:44:10,12.5,66.0,41.8
2025-12-15 20:44:15,12.3,66.0,41.8
2025-12-15 20:44:20,25.2,64.8,41.8
2025-12-15 20:44:25,14.2,64.8,41.8
2025-12-15 20:44:30,11.3,64.7,41.8
2025-12-15 20:44:35,12.6,64.7,41.8
2025-12-15 20:44:40,15.6,64.9,41.8
2025-12-15 20:44:45,13.3,65.0,41.8
2025-12-15 20:44:50,18.2,65.6,41.8
2025-12-15 20:44:55,13.7,65.4,41.8
2025-12-15 20:45:00,9.8,65.9,41.8
2025-12-15 20:45:05,15.6,65.9,41.8
2025-12-15 20:45:10,25.1,65.3,41.8
2025-12-15 20:45:15,7.6,65.1,41.8
2025-12-15 20:45:20,7.4,65.0,41.8
2025-12-15 20:45:25,17.6,64.9,41.8
2025-12-15 20:45:30,13.9,63.8,41.8
2025-12-15 20:45:35,13.8,63.7,41.8
2025-12-15 20:45:40,17.7,64.5,41.8
2025-12-15 20:45:45,16.3,64.6,41.8
2025-12-15 20:45:50,17.3,64.4,41.8
2025-12-15 20:45:55,14.8,64.5,41.8
2025-12-15 20:46:00,29.1,65.0,41.8
2025-12-15 20:46:05,10.0,64.7,41.8
2025-12-15 20:46:10,6.4,65.1,41.8
2025-12-15 20:46:15,6.8,65.2,41.8
2025-12-15 20:46:20,9.5,65.1,41.8
2025-12-15 20:46:25,10.9,65.1,41.8
2025-12-15 20:46:30,12.2,64.9,41.8
2025-12-15 20:46:35,7.0,64.9,41.8
2025-12-15 20:46:40,9.8,63.8,41.8
2025-12-15 20:46:45,8.4,63.9,41.8
2025-12-15 20:46:50,6.4,63.9,41.8
2025-12-15 20:46:55,11.8,63.9,41.8
2025-12-15 20:47:00,9.3,63.8,41.8
2025-12-15 20:47:05,8.9,63.6,41.8
2025-12-15 20:47:10,8.7,63.7,41.8
2025-12-15 20:47:15,9.0,64.3,41.8
2025-12-15 20:47:20,8.9,64.3,41.8
2025-12-15 20:47:25,7.9,64.5,41.8
2025-12-15 20:47:30,11.6,63.8,41.8
2025-12-15 20:47:35,12.4,63.7,41.8
2025-12-15 20:47:40,11.0,63.7,41.8
2025-12-15 20:47:45,10.0,63.6,41.8
2025-12-15 20:47:50,17.8,65.1,41.8
2025-12-15 20:47:55,14.3,65.7,41.8
2025-12-15 20:48:00,10.5,65.5,41.8
2025-12-15 20:48:05,13.8,65.4,41.8
2025-12-15 20:48:10,10.7,65.2,41.8
2025-12-15 20:48:15,10.3,65.1,41.8
2025-12-15 20:48:20,16.3,66.1,41.8
2025-12-15 20:48:25,13.6,66.1,41.8
2025-12-15 20:48:30,10.9,66.1,41.8
2025-12-15 20:48:35,16.5,66.0,41.8
2025-12-15 20:48:40,13.2,65.8,41.8
2025-12-15 20:48:45,11.5,65.9,41.8
2025-12-15 20:48:50,19.5,64.6,41.8
2025-12-15 20:48:55,10.9,64.8,41.8
2025-12-15 20:49:00,3.7,64.8,41.8
2025-12-15 20:49:05,3.6,64.8,41.8
2025-12-15 20:49:10,9.8,64.9,41.8
2025-12-15 20:49:15,12.7,64.9,41.8
2025-12-15 20:49:20,11.1,65.5,41.8
2025-12-15 20:49:25,12.4,65.4,41.8
2025-12-15 20:49:30,10.6,65.4,41.8
2025-12-15 20:49:35,12.5,65.4,41.8
2025-12-15 20:49:40,9.6,65.4,41.8
2025-12-15 20:49:45,9.8,66.3,41.8
2025-12-15 20:49:50,15.6,66.4,41.8
2025-12-15 20:49:55,8.9,66.2,41.8
2025-12-15 20:50:00,11.8,65.8,41.8
2025-12-15 20:50:05,8.3,65.9,41.8
2025-12-15 20:50:10,11.8,65.9,41.8
2025-12-15 20:50:15,11.9,64.5,41.8
2025-12-15 20:50:20,2.7,64.6,41.8
2025-12-15 20:50:25,5.0,64.8,41.8
2025-12-15 20:50:30,8.8,64.7,41.8
2025-12-15 20:50:35,15.0,64.7,41.8
2025-12-15 20:50:40,2.2,64.7,41.8
2025-12-15 20:50:45,4.6,65.1,41.8
2025-12-15 20:50:50,2.9,65.0,41.8
2025-12-15 20:50:55,2.1,64.9,41.8
2025-12-15 20:51:00,9.0,65.2,41.8
2025-12-15 20:51:05,3.4,65.3,41.8
2025-12-15 20:51:10,2.5,65.2,41.8
2025-12-15 20:51:15,6.2,64.9,41.8
2025-12-15 20:51:20,10.6,66.3,41.8
2025-12-15 20:51:25,9.2,66.3,41.8
2025-12-15 20:51:30,15.1,66.3,41.8
2025-12-15 20:51:35,12.7,66.3,41.8
2025-12-15 20:51:40,10.2,66.4,41.8
2025-12-15 20:51:45,13.6,66.5,41.8
2025-12-15 20:51:50,15.2,65.3,41.8
2025-12-15 20:51:55,9.1,65.4,41.8
2025-12-15 20:52:00,2.7,65.3,41.8
2025-12-15 20:52:05,6.6,65.1,41.8
2025-12-15 20:52:10,3.3,65.0,41.8
2025-12-15 20:52:15,4.8,64.9,41.8
2025-12-15 20:52:20,2.5,65.6,41.8
2025-12-15 20:52:25,6.6,65.4,41.8
2025-12-15 20:52:30,6.4,65.0,41.8
2025-12-15 20:52:35,2.7,65.0,41.8
2025-12-15 20:52:40,6.4,64.8,41.8
2025-12-15 20:52:45,11.8,65.0,41.8
2025-12-15 20:52:50,11.9,64.9,41.8
2025-12-15 20:52:55,7.9,64.9,41.8
2025-12-15 20:53:00,19.0,64.8,41.8
2025-12-15 20:53:05,10.9,64.8,41.8
2025-12-15 20:53:10,19.0,64.7,41.8
2025-12-15 20:53:15,16.2,64.6,41.8
2025-12-15 20:53:20,12.9,64.6,41.8
2025-12-15 20:53:25,15.5,65.2,41.8
2025-12-15 20:53:30,7.9,65.6,41.8
2025-12-15 20:53:35,14.3,65.6,41.8
2025-12-15 20:53:40,10.9,65.1,41.8
2025-12-15 20:53:45,20.3,65.7,41.8
2025-12-15 20:53:50,10.9,64.9,41.8
2025-12-15 20:53:55,13.3,64.1,41.8
2025-12-15 20:54:00,11.7,64.0,41.8
2025-12-15 20:54:05,7.0,64.0,41.8
2025-12-15 20:54:10,9.8,64.0,41.8
2025-12-15 20:54:15,8.0,64.0,41.8
2025-12-15 20:54:20,11.9,64.0,41.8
2025-12-15 20:54:25,6.5,64.0,41.8
2025-12-15 20:54:30,11.0,64.1,41.8
2025-12-15 20:54:35,8.7,64.1,41.8
2025-12-15 20:54:40,11.0,64.1,41.8
2025-12-15 20:54:45,14.0,64.0,41.8
2025-12-15 20:54:50,11.9,64.1,41.8
2025-12-15 20:54:55,6.6,64.1,41.8
2025-12-15 20:55:00,6.9,64.1,41.8
2025-12-15 20:55:05,8.5,64.1,41.8
2025-12-15 20:55:10,8.4,64.1,41.8
2025-12-15 20:55:15,12.0,62.0,41.8
2025-12-15 20:55:20,7.1,62.0,41.8
2025-12-15 20:55:25,8.9,62.0,41.8
2025-12-15 20:55:30,9.0,62.0,41.8
2025-12-15 20:55:35,7.3,62.0,41.8
2025-12-15 20:55:40,7.0,62.0,41.8
2025-12-15 20:55:45,5.0,62.0,41.8
2025-12-15 20:55:50,18.0,63.6,41.8
2025-12-15 20:55:55,11.7,65.4,41.8
2025-12-15 20:56:00,15.8,65.2,41.8
2025-12-15 20:56:05,8.4,65.2,41.8
2025-12-15 20:56:10,10.8,64.9,41.8
2025-12-15 20:56:15,13.3,64.7,41.8
2025-12-15 20:56:20,12.9,63.8,41.8
2025-12-15 20:56:25,11.0,63.8,41.8
2025-12-15 20:56:30,10.4,63.9,41.8
2025-12-15 20:56:35,13.4,63.9,41.8
2025-12-15 20:56:40,13.8,63.8,41.8
2025-12-15 20:56:45,16.5,63.8,41.8
2025-12-15 20:56:50,18.0,64.2,41.8
2025-12-15 20:56:55,10.7,64.2,41.8
2025-12-15 20:57:00,10.3,64.1,41.8
2025-12-15 20:57:05,19.1,64.1,41.8
2025-12-15 20:57:10,9.4,63.9,41.8
2025-12-15 20:57:15,9.4,64.0,41.8
2025-12-15 20:57:20,11.0,63.6,41.8
2025-12-15 20:57:25,12.3,64.0,41.8
2025-12-15 20:57:30,11.0,63.4,41.8
2025-12-15 20:57:35,9.4,63.5,41.8
2025-12-15 20:57:40,3.3,63.5,41.8
2025-12-15 20:57:45,1.4,63.5,41.8
2025-12-15 20:57:50,1.4,63.5,41.8
2025-12-15 20:57:55,2.5,63.6,41.8
2025-12-15 20:58:00,6.0,63.6,41.8
2025-12-15 20:58:05,3.5,63.6,41.8
2025-12-15 20:58:10,4.9,63.4,41.8
2025-12-15 20:58:15,2.5,63.4,41.8
2025-12-15 20:58:20,11.5,63.6,41.8
2025-12-15 20:58:25,9.3,63.6,41.8
2025-12-15 20:58:30,11.6,63.5,41.8
2025-12-15 20:58:35,11.8,63.3,41.8
2025-12-15 20:58:40,17.1,64.3,41.8
2025-12-15 20:58:45,20.1,64.6,41.8
2025-12-15 20:58:50,13.4,64.5,41.8
2025-12-15 20:58:55,11.0,64.6,41.8
2025-12-15 20:59:00,10.6,64.5,41.8
2025-12-15 20:59:05,6.6,64.5,41.8
2025-12-15 20:59:10,5.3,64.0,41.8
2025-12-15 20:59:15,4.1,63.0,41.8
2025-12-15 20:59:20,3.3,63.2,41.8
2025-12-15 20:59:25,4.5,63.2,41.8
2025-12-15 20:59:30,7.0,63.2,41.8
2025-12-15 20:59:35,2.5,63.1,41.8
2025-12-15 20:59:40,7.8,63.5,41.8
2025-12-15 20:59:45,14.1,63.8,41.8
2025-12-15 20:59:50,8.9,63.8,41.8
2025-12-15 20:59:55,6.6,63.8,41.8
2025-12-15 21:00:00,5.3,63.7,41.8
2025-12-15 21:00:05,8.2,63.7,41.8
2025-12-15 21:00:10,9.0,64.0,41.8
2025-12-15 21:00:15,12.5,61.8,41.8
2025-12-15 21:00:20,6.9,61.8,41.8
2025-12-15 21:00:25,6.1,61.8,41.8
2025-12-15 21:00:30,15.5,61.7,41.8
2025-12-15 21:00:35,11.0,61.8,41.8
2025-12-15 21:00:40,17.9,62.4,41.8
2025-12-15 21:00:45,22.5,62.7,41.8
2025-12-15 21:00:50,12.0,62.6,41.8
2025-12-15 21:00:55,11.4,62.4,41.8
2025-12-15 21:01:00,12.8,62.7,41.8
2025-12-15 21:01:05,8.6,62.9,41.8
2025-12-15 21:01:10,7.2,62.9,41.8
2025-12-15 21:01:15,4.8,62.8,41.8
2025-12-15 21:01:20,3.7,62.7,41.8
2025-12-15 21:01:25,5.4,62.7,41.8
2025-12-15 21:01:30,12.5,62.9,41.8
2025-12-15 21:01:35,9.0,62.9,41.8
2025-12-15 21:01:40,6.4,62.9,41.8
2025-12-15 21:01:45,1.9,62.9,41.8
2025-12-15 21:01:50,2.9,62.8,41.8
2025-12-15 21:01:55,5.2,62.8,41.8
2025-12-15 21:02:00,11.4,62.8,41.8
2025-12-15 21:02:05,10.7,62.9,41.8
2025-12-15 21:02:10,4.1,62.9,41.8
2025-12-15 21:02:15,4.0,62.9,41.8
2025-12-15 21:02:20,1.7,62.8,41.8
2025-12-15 21:02:25,11.5,62.7,41.8
2025-12-15 21:02:30,13.5,62.6,41.8
2025-12-15 21:02:35,10.7,62.5,41.8
2025-12-15 21:02:40,10.1,62.4,41.8
2025-12-15 21:02:45,12.0,62.4,41.8
2025-12-15 21:02:50,12.7,62.4,41.8
2025-12-15 21:02:55,16.5,62.2,41.8
2025-12-15 21:03:00,9.9,62.3,41.8
2025-12-15 21:03:05,9.4,62.4,41.8
2025-12-15 21:03:10,12.4,63.0,41.8
2025-12-15 21:03:15,42.0,63.6,41.8
2025-12-15 21:03:20,16.0,64.0,41.8
2025-12-15 21:03:25,12.1,63.9,41.8
2025-12-15 21:03:30,12.1,63.8,41.8
2025-12-15 21:03:35,15.6,63.8,41.8
2025-12-15 21:03:40,11.7,63.5,41.8
2025-12-15 21:03:45,11.4,63.6,41.8
2025-12-15 21:03:50,8.9,63.6,41.8
2025-12-15 21:03:55,12.5,63.7,41.8
2025-12-15 21:04:00,16.4,63.6,41.8
2025-12-15 21:04:05,8.6,63.7,41.8
2025-12-15 21:04:10,7.2,63.7,41.8
2025-12-15 21:04:15,9.7,63.8,41.8
2025-12-15 21:04:20,13.0,63.8,41.8
2025-12-15 21:04:25,10.2,63.7,41.8
2025-12-15 21:04:30,8.7,63.6,41.8
2025-12-15 21:04:35,12.0,63.5,41.8
2025-12-15 21:04:40,9.3,63.7,41.8
2025-12-15 21:04:45,8.5,63.6,41.8
2025-12-15 21:04:50,2.1,63.5,41.8
2025-12-15 21:04:55,10.6,63.6,41.8
2025-12-15 21:05:00,12.9,63.5,41.8
2025-12-15 21:05:05,6.2,63.5,41.8
2025-12-15 21:05:10,6.2,63.5,41.8
2025-12-15 21:05:15,6.4,62.7,41.8
2025-12-15 21:05:20,16.2,62.9,41.8
2025-12-15 21:05:25,11.7,63.0,41.8
2025-12-15 21:05:30,16.5,62.9,41.8
2025-12-15 21:05:35,15.9,62.7,41.8
2025-12-15 21:05:40,12.9,62.9,41.8
2025-12-15 21:05:45,10.1,62.9,41.8
2025-12-15 21:05:50,12.5,62.9,41.8
2025-12-15 21:05:55,12.6,62.8,41.8
2025-12-15 21:06:00,28.7,63.5,41.8
2025-12-15 21:06:05,21.5,63.7,41.8
2025-12-15 21:06:10,12.0,63.6,41.8
2025-12-15 21:06:15,22.9,65.4,41.8
2025-12-15 21:06:20,42.1,74.4,41.8
2025-12-15 21:06:25,61.1,67.5,42.1
2025-12-15 21:06:30,17.8,66.6,42.1
2025-12-15 21:06:35,10.8,65.6,42.1
2025-12-15 21:06:40,17.1,65.6,42.1
2025-12-15 21:06:45,10.3,65.2,42.1
2025-12-15 21:06:50,18.8,65.0,42.0
2025-12-15 21:06:55,17.7,64.6,42.0
2025-12-15 21:07:00,14.2,64.5,42.0
2025-12-15 21:07:05,24.8,64.4,42.0
2025-12-15 21:07:10,14.4,64.3,42.0
2025-12-15 21:07:15,11.0,64.0,42.0
2025-12-15 21:07:20,15.7,63.8,42.0
2025-12-15 21:07:25,17.1,62.7,41.8
2025-12-15 21:07:30,16.6,61.8,41.8
2025-12-15 21:07:35,15.1,61.7,41.8
2025-12-15 21:07:40,10.9,61.7,41.8
2025-12-15 21:07:45,12.5,62.2,41.8
2025-12-15 21:07:50,9.9,62.1,41.8
2025-12-15 21:07:55,16.8,61.8,41.8
2025-12-15 21:08:00,29.1,61.8,41.8
2025-12-15 21:08:05,14.2,61.8,41.8
2025-12-15 21:08:10,29.5,62.2,41.7
2025-12-15 21:08:15,10.3,62.2,41.7
2025-12-15 21:08:20,13.4,62.0,41.7
2025-12-15 21:08:25,8.3,61.9,41.7
2025-12-15 21:08:30,9.6,61.9,41.7
2025-12-15 21:08:35,20.9,61.9,41.7
2025-12-15 21:08:40,29.4,62.2,41.7
2025-12-15 21:08:45,28.0,62.7,41.7
2025-12-15 21:08:50,12.3,62.7,41.7
2025-12-15 21:08:55,13.3,62.7,41.7
2025-12-15 21:09:00,14.2,62.8,41.7
2025-12-15 21:09:05,9.3,62.9,41.7
2025-12-15 21:09:10,14.8,62.8,41.7
2025-12-15 21:09:15,15.2,62.6,41.7
2025-12-15 21:09:20,53.6,63.0,41.7
2025-12-15 21:09:25,22.5,63.2,41.7
2025-12-15 21:09:30,21.4,63.5,41.7
2025-12-15 21:09:35,13.3,63.8,41.7
2025-12-15 21:09:40,7.8,64.0,41.7
2025-12-15 21:09:45,17.8,64.6,41.7
2025-12-15 21:09:50,15.7,64.7,41.7
2025-12-15 21:09:55,12.6,64.8,41.7
2025-12-15 21:10:00,9.7,64.2,41.7
2025-12-15 21:10:05,14.9,64.0,41.7
2025-12-15 21:10:10,19.9,65.7,41.7
2025-12-15 21:10:15,50.4,67.2,41.7
2025-12-15 21:10:20,18.8,67.4,41.7
2025-12-15 21:10:25,13.1,67.2,41.7
2025-12-15 21:10:30,10.7,67.5,41.7
2025-12-15 21:10:35,31.9,68.3,41.7
2025-12-15 21:10:40,10.5,68.1,41.7
2025-12-15 21:10:45,14.6,67.7,41.7
2025-12-15 21:10:50,12.9,67.7,41.7
2025-12-15 21:10:55,9.7,67.6,41.7
2025-12-15 21:11:00,13.8,67.5,41.7
2025-12-15 21:11:05,12.5,67.7,41.7
2025-12-15 21:11:10,11.1,67.6,41.7
2025-12-15 21:11:15,21.0,67.6,41.7
2025-12-15 21:11:20,7.1,67.6,41.7
2025-12-15 21:11:25,7.9,67.4,41.7
2025-12-15 21:11:30,11.3,67.4,41.7
2025-12-15 21:11:35,9.3,67.4,41.7
2025-12-15 21:11:40,11.7,67.2,41.7
2025-12-15 21:11:45,9.6,67.1,41.7
2025-12-15 21:11:50,22.1,67.3,41.7
2025-12-15 21:11:55,11.0,67.2,41.7
2025-12-15 21:12:00,14.3,67.0,41.7
2025-12-15 21:12:05,11.0,67.1,41.7
2025-12-15 21:12:10,8.7,67.1,41.7
2025-12-15 21:12:15,9.0,67.2,41.7
2025-12-15 21:12:20,18.9,67.1,41.7
2025-12-15 21:12:25,10.3,66.9,41.7
2025-12-15 21:12:30,12.8,67.0,41.7
2025-12-15 21:12:35,11.0,67.0,41.7
2025-12-15 21:12:40,12.5,67.0,41.7
2025-12-15 21:12:45,8.6,66.9,41.7
2025-12-15 21:12:50,24.6,67.0,41.7
2025-12-15 21:12:55,12.2,67.2,41.7
2025-12-15 21:13:00,9.7,67.2,41.7
2025-12-15 21:13:05,9.0,66.9,41.7
2025-12-15 21:13:10,16.4,67.0,41.7
2025-12-15 21:13:15,14.7,67.0,41.7
2025-12-15 21:13:20,12.2,67.3,41.7
2025-12-15 21:13:25,10.1,67.4,41.7
2025-12-15 21:13:30,13.5,67.8,41.7
2025-12-15 21:13:35,7.4,68.0,41.7
2025-12-15 21:13:40,12.3,68.1,41.7
2025-12-15 21:13:45,9.5,67.8,41.7
2025-12-15 21:13:50,12.4,67.7,41.7
2025-12-15 21:13:55,13.1,67.2,41.7
2025-12-15 21:14:00,14.1,67.2,41.7
2025-12-15 21:14:05,7.7,67.2,41.7
2025-12-15 21:14:10,14.3,67.2,41.7
2025-12-15 21:14:15,9.8,67.3,41.7
2025-12-15 21:14:20,14.6,67.3,41.7
2025-12-15 21:14:25,10.3,67.4,41.7
2025-12-15 21:14:30,7.2,67.5,41.7
2025-12-15 21:14:35,12.0,67.7,41.7
2025-12-15 21:14:40,11.5,67.7,41.7
2025-12-15 21:14:45,12.0,67.6,41.7
2025-12-15 21:14:50,6.7,67.6,41.7
2025-12-15 21:14:55,12.0,67.6,41.7
2025-12-15 21:15:00,11.5,67.6,41.7
2025-12-15 21:15:05,10.7,67.6,41.7
2025-12-15 21:15:10,11.1,67.7,41.7
2025-12-15 21:15:15,13.8,67.7,41.7
2025-12-15 21:15:20,10.6,67.1,41.7
2025-12-15 21:15:25,11.8,67.2,41.7
2025-12-15 21:15:30,24.2,67.2,41.7
2025-12-15 21:15:35,16.6,67.3,41.7
2025-12-15 21:15:40,11.2,67.5,41.7
2025-12-15 21:15:45,10.7,67.5,41.7
2025-12-15 21:15:50,17.4,67.6,41.7
2025-12-15 21:15:55,11.0,67.6,41.7
2025-12-15 21:16:00,19.3,67.9,41.7
2025-12-15 21:16:05,12.0,67.9,41.7
2025-12-15 21:16:10,24.9,67.9,41.7
2025-12-15 21:16:15,15.3,67.9,41.7
2025-12-15 21:16:20,15.3,67.9,41.7
2025-12-15 21:16:25,17.9,68.3,41.7
2025-12-15 21:16:30,10.4,68.3,41.7
2025-12-15 21:16:35,17.1,68.2,41.7
2025-12-15 21:16:40,17.0,68.3,41.7
2025-12-15 21:16:45,17.0,68.6,41.7
2025-12-15 21:16:50,28.2,68.7,41.7
2025-12-15 21:16:55,22.5,68.6,41.7
2025-12-15 21:17:00,21.1,68.5,41.7
2025-12-15 21:17:05,24.9,69.0,41.7
2025-12-15 21:17:10,16.7,69.6,41.7
2025-12-15 21:17:15,11.7,69.7,41.7
2025-12-15 21:17:20,14.0,69.8,41.7
2025-12-15 21:17:25,18.7,69.5,41.7
2025-12-15 21:17:30,11.5,68.9,41.7
2025-12-15 21:17:35,12.0,68.7,41.7
2025-12-15 21:17:40,19.2,68.6,41.7
2025-12-15 21:17:45,9.3,68.1,41.7
2025-12-15 21:17:50,7.8,68.0,41.7
2025-12-15 21:17:55,13.1,68.0,41.7
2025-12-15 21:18:00,14.5,68.0,41.7
2025-12-15 21:18:05,13.7,68.0,41.7
2025-12-15 21:18:10,13.4,67.9,41.7
2025-12-15 21:18:15,10.4,67.9,41.7
2025-12-15 21:18:20,13.7,67.9,41.7
2025-12-15 21:18:25,15.3,67.9,41.7
2025-12-15 21:18:30,16.8,67.8,41.7
2025-12-15 21:18:35,9.9,67.9,41.7
2025-12-15 21:18:40,15.6,67.9,41.7
2025-12-15 21:18:45,23.5,67.5,41.7
2025-12-15 21:18:50,13.6,67.5,41.7
2025-12-15 21:18:55,17.4,67.6,41.7
2025-12-15 21:19:00,19.8,67.7,41.7
2025-12-15 21:19:05,11.2,67.6,41.7
2025-12-15 21:19:10,20.6,67.8,41.7
2025-12-15 21:19:15,12.2,67.8,41.7
2025-12-15 21:19:20,11.9,67.7,41.7
2025-12-15 21:19:25,12.2,67.8,41.7
2025-12-15 21:19:30,10.6,67.8,41.7
2025-12-15 21:19:35,10.6,67.8,41.7
2025-12-15 21:19:40,17.5,67.8,41.7
2025-12-15 21:19:45,12.9,67.9,41.7
2025-12-15 21:19:50,23.0,68.2,41.7
2025-12-15 21:19:55,23.5,68.5,41.7
2025-12-15 21:20:00,18.1,68.5,41.7
2025-12-15 21:20:05,18.0,68.6,41.7
2025-12-15 21:20:10,17.7,68.4,41.7
2025-12-15 21:20:15,24.0,68.5,41.7
2025-12-15 21:20:20,18.6,68.5,41.7
2025-12-15 21:20:25,15.6,70.3,41.7
2025-12-15 21:20:30,11.0,70.5,41.7
2025-12-15 21:20:35,24.7,70.0,41.7
2025-12-15 21:20:40,19.5,70.0,41.7
2025-12-15 21:20:45,23.9,70.5,41.7
2025-12-15 21:20:50,22.4,69.5,41.7
2025-12-15 21:20:55,26.4,69.3,41.7
2025-12-15 21:21:00,17.4,69.2,41.7
2025-12-15 21:21:05,16.2,69.2,41.7
2025-12-15 21:21:10,21.6,69.5,41.7
2025-12-15 21:21:15,22.2,69.8,41.7
2025-12-15 21:21:20,10.5,69.5,41.7
2025-12-15 21:21:25,25.2,70.0,41.7
2025-12-15 21:21:30,33.8,70.2,41.7
2025-12-15 21:21:35,10.5,70.2,41.7
2025-12-15 21:21:40,11.6,69.7,41.7
2025-12-15 21:21:45,8.6,69.7,41.7
2025-12-15 21:21:50,15.9,69.3,41.7
2025-12-15 21:21:55,20.9,69.6,41.7
2025-12-15 21:22:00,18.0,69.6,41.7
2025-12-15 21:22:05,14.2,69.2,41.7
2025-12-15 21:22:10,10.1,68.5,41.7
2025-12-15 21:22:15,11.8,68.5,41.7
2025-12-15 21:22:20,7.9,68.4,41.7
2025-12-15 21:22:25,13.8,68.7,41.7
2025-12-15 21:22:30,11.1,68.6,41.7
2025-12-15 21:22:35,14.3,68.9,41.7
2025-12-15 21:22:40,9.7,68.9,41.7
2025-12-15 21:22:45,20.3,68.8,41.7
2025-12-15 21:22:50,9.7,68.8,41.7
2025-12-15 21:22:55,15.1,68.9,41.7
2025-12-15 21:23:00,32.3,69.1,41.7
2025-12-15 21:23:05,12.8,69.2,41.7
2025-12-15 21:23:10,9.3,69.1,41.7
2025-12-15 21:23:15,13.7,68.8,41.7
2025-12-15 21:23:20,9.7,69.1,41.7
2025-12-15 21:23:25,11.0,68.5,41.7
2025-12-15 21:23:30,16.1,68.2,41.7
2025-12-15 21:23:35,20.6,68.5,41.7
2025-12-15 21:23:40,11.0,68.6,41.7
2025-12-15 21:23:45,13.8,68.5,41.7
2025-12-15 21:23:50,12.7,68.6,41.7
2025-12-15 21:23:55,9.5,68.9,41.7
2025-12-15 21:24:00,17.1,68.8,41.7
2025-12-15 21:24:05,22.9,68.7,41.7
2025-12-15 21:24:10,12.3,68.5,41.7
2025-12-15 21:24:15,11.6,68.4,41.7
2025-12-15 21:24:20,11.0,69.7,41.7
2025-12-15 21:24:25,16.7,69.8,41.7
2025-12-15 21:24:30,15.3,69.8,41.7
2025-12-15 21:24:35,24.7,70.0,41.7
2025-12-15 21:24:40,9.5,69.7,41.7
2025-12-15 21:24:45,14.2,69.8,41.7
2025-12-15 21:24:50,7.6,68.7,41.7
2025-12-15 21:24:55,8.5,68.5,41.7
2025-12-15 21:25:00,15.3,68.5,41.7
2025-12-15 21:25:05,8.6,68.3,41.7
2025-12-15 21:25:10,9.3,68.5,41.7
2025-12-15 21:25:15,12.9,68.6,41.7
2025-12-15 21:25:20,10.4,69.7,41.7
2025-12-15 21:25:25,11.3,69.6,41.7
2025-12-15 21:25:30,8.8,69.3,41.7
2025-12-15 21:25:35,8.7,68.7,41.7
2025-12-15 21:25:40,19.8,68.9,41.7
2025-12-15 21:25:45,15.9,68.7,41.7
2025-12-15 21:25:50,18.3,68.6,41.7
2025-12-15 21:25:55,15.4,69.1,41.7
2025-12-15 21:26:00,43.5,70.3,41.7
2025-12-15 21:26:05,24.9,70.1,41.7
2025-12-15 21:26:10,16.9,70.1,41.7
2025-12-15 21:26:15,11.6,70.9,41.7
2025-12-15 21:26:20,14.9,70.9,41.7
2025-12-15 21:26:25,31.9,72.3,41.7
2025-12-15 21:26:30,9.9,70.9,41.7
2025-12-15 21:26:35,13.9,71.1,41.7
2025-12-15 21:26:40,52.4,71.2,41.7
2025-12-15 21:26:45,40.8,71.6,41.7
2025-12-15 21:26:50,26.3,71.9,41.7
2025-12-15 21:26:55,17.0,70.3,41.7
2025-12-15 21:27:00,28.5,69.6,41.7
2025-12-15 21:27:05,5.6,69.0,41.7
2025-12-15 21:27:10,9.9,68.5,41.7
2025-12-15 21:27:15,8.6,68.3,41.7
2025-12-15 21:27:20,3.3,68.5,41.7
2025-12-15 21:27:25,17.5,69.1,41.7
2025-12-15 21:27:30,4.8,68.7,41.7
2025-12-15 21:27:35,7.9,68.4,41.7
2025-12-15 21:27:40,3.3,68.6,41.7
2025-12-15 21:27:45,6.7,68.3,41.7
2025-12-15 21:27:50,9.8,68.6,41.7
2025-12-15 21:27:55,4.9,68.1,41.7
2025-12-15 21:28:00,4.8,67.9,41.7
2025-12-15 21:28:05,6.7,67.9,41.7
2025-12-15 21:28:10,3.5,67.8,41.7
2025-12-15 21:28:15,16.5,69.8,41.7
2025-12-15 21:28:20,17.5,69.5,41.7
2025-12-15 21:28:25,7.6,69.9,41.7
2025-12-15 21:28:30,11.9,69.8,41.7
2025-12-15 21:28:35,14.2,69.9,41.7
2025-12-15 21:28:40,11.8,69.8,41.7
2025-12-15 21:28:45,11.2,69.8,41.7
2025-12-15 21:28:50,12.2,69.8,41.7
2025-12-15 21:28:55,21.9,69.9,41.7
2025-12-15 21:29:00,8.2,69.8,41.7
2025-12-15 21:29:05,11.1,69.8,41.7
2025-12-15 21:29:10,10.3,69.8,41.7
2025-12-15 21:29:15,12.1,69.8,41.7
2025-12-15 21:29:20,12.5,69.9,41.7
2025-12-15 21:29:25,30.6,71.3,41.7
2025-12-15 21:29:30,12.5,71.2,41.7
2025-12-15 21:29:35,7.7,70.9,41.7
2025-12-15 21:29:40,17.9,70.9,41.7
2025-12-15 21:29:45,11.4,70.8,41.7
2025-12-15 21:29:50,10.6,70.9,41.7
2025-12-15 21:29:55,8.2,69.3,41.7
2025-12-15 21:30:00,31.5,69.4,41.7
2025-12-15 21:30:05,7.1,69.4,41.7
2025-12-15 21:30:10,18.3,69.4,41.7
2025-12-15 21:30:15,7.8,69.5,41.7
2025-12-15 21:30:20,11.1,69.6,41.7
2025-12-15 21:30:25,9.0,69.9,41.7
2025-12-15 21:30:30,20.9,70.2,41.7
2025-12-15 21:30:35,11.6,70.1,41.7
2025-12-15 21:30:40,15.2,70.0,41.7
2025-12-15 21:30:45,18.5,70.0,41.7
2025-12-15 21:30:50,13.2,69.9,41.7
2025-12-15 21:30:55,21.5,69.6,41.7
2025-12-15 21:31:00,19.6,69.9,41.7
2025-12-15 21:31:05,17.3,70.6,41.7
2025-12-15 21:31:10,10.3,70.7,41.7
2025-12-15 21:31:15,13.3,70.6,41.7
2025-12-15 21:31:20,12.5,70.7,41.7
2025-12-15 21:31:25,10.3,70.6,41.7
2025-12-15 21:31:30,11.3,70.7,41.7
2025-12-15 21:31:35,16.6,69.8,41.7
2025-12-15 21:31:40,10.9,70.5,41.7
2025-12-15 21:31:45,9.9,70.3,41.7
2025-12-15 21:31:50,12.0,70.3,41.7
2025-12-15 21:31:55,12.0,69.9,41.7
2025-12-15 21:32:00,19.8,69.8,41.7
2025-12-15 21:32:05,15.4,69.3,41.7
2025-12-15 21:32:10,18.6,69.7,41.7
2025-12-15 21:32:15,9.5,69.5,41.7
2025-12-15 21:32:20,12.4,69.5,41.7
2025-12-15 21:32:25,10.9,69.2,41.7
2025-12-15 21:32:30,17.2,68.8,41.7
2025-12-15 21:32:35,8.7,68.4,41.7
2025-12-15 21:32:40,32.6,68.5,41.7
2025-12-15 21:32:45,12.8,68.6,41.7
2025-12-15 21:32:50,14.3,69.1,41.7
2025-12-15 21:32:55,12.4,69.1,41.7
2025-12-15 21:33:00,17.5,67.9,41.7
2025-12-15 21:33:05,45.7,69.2,41.7
2025-12-15 21:33:10,18.1,68.7,41.7
2025-12-15 21:33:15,20.7,68.4,41.7
2025-12-15 21:33:20,25.2,69.4,41.7
2025-12-15 21:33:25,11.3,70.4,41.7
2025-12-15 21:33:30,18.4,69.4,41.7
2025-12-15 21:33:35,13.7,69.1,41.7
2025-12-15 21:33:40,12.0,69.2,41.7
2025-12-15 21:33:45,19.5,69.2,41.7
2025-12-15 21:33:50,14.4,69.2,41.7
2025-12-15 21:33:55,15.5,68.7,41.7
2025-12-15 21:34:00,17.1,68.8,41.7
2025-12-15 21:34:05,11.2,69.0,41.7
2025-12-15 21:34:10,12.7,69.1,41.7
2025-12-15 21:34:15,18.4,69.2,41.7
2025-12-15 21:34:20,16.7,69.1,41.7
2025-12-15 21:34:25,15.8,68.6,41.7
2025-12-15 21:34:30,14.7,68.6,41.7
2025-12-15 21:34:35,18.1,68.7,41.7
2025-12-15 21:34:40,11.5,68.7,41.7
2025-12-15 21:34:45,13.9,68.6,41.7
2025-12-15 21:34:50,13.2,68.7,41.7
2025-12-15 21:34:55,18.7,68.7,41.7
2025-12-15 21:35:00,26.2,68.8,41.7
2025-12-15 21:35:05,18.0,68.9,41.7
2025-12-15 21:35:10,11.0,69.5,41.7
2025-12-15 21:35:15,18.2,69.5,41.7
2025-12-15 21:35:20,11.0,69.2,41.7
2025-12-15 21:35:25,14.0,68.5,41.7
2025-12-15 21:35:30,16.6,68.4,41.7
2025-12-15 21:35:35,13.6,68.3,41.7
2025-12-15 21:35:40,8.3,68.2,41.7
2025-12-15 21:35:45,10.1,68.2,41.7
2025-12-15 21:35:50,13.5,68.3,41.7
2025-12-15 21:35:55,12.7,68.2,41.7
2025-12-15 21:36:00,15.1,68.7,41.7
2025-12-15 21:36:05,8.9,68.8,41.7
2025-12-15 21:36:10,18.7,69.0,41.7
2025-12-15 21:36:15,15.5,69.0,41.7
2025-12-15 21:36:20,13.8,69.4,41.7
2025-12-15 21:36:25,23.5,69.7,41.7
2025-12-15 21:36:30,17.9,69.7,41.7
2025-12-15 21:36:35,13.7,69.7,41.7
2025-12-15 21:36:40,10.4,69.8,41.7
2025-12-15 21:36:45,14.3,69.6,41.7
2025-12-15 21:36:50,13.8,69.6,41.7
2025-12-15 21:36:55,8.6,69.6,41.7
2025-12-15 21:37:00,13.1,68.9,41.7
2025-12-15 21:37:05,9.1,68.9,41.7
2025-12-15 21:37:10,8.8,68.9,41.7
2025-12-15 21:37:15,9.5,68.8,41.7
2025-12-15 21:37:20,7.9,68.9,41.7
2025-12-15 21:37:25,12.4,69.3,41.7
2025-12-15 21:37:30,12.5,68.2,41.7
2025-12-15 21:37:35,12.8,68.1,41.7
2025-12-15 21:37:40,19.6,68.4,41.7
2025-12-15 21:37:45,14.5,68.7,41.7
2025-12-15 21:37:50,12.4,68.8,41.7
2025-12-15 21:37:55,15.2,68.8,41.7
2025-12-15 21:38:00,15.4,68.3,41.7
2025-12-15 21:38:05,12.5,68.1,41.7
2025-12-15 21:38:10,14.5,68.1,41.7
2025-12-15 21:38:15,8.0,68.0,41.7
2025-12-15 21:38:20,8.8,68.0,41.7
2025-12-15 21:38:25,11.5,68.0,41.7
2025-12-15 21:38:30,38.5,70.0,41.7
2025-12-15 21:38:35,14.1,71.2,41.7
2025-12-15 21:38:40,17.1,70.9,41.7
2025-12-15 21:38:45,14.6,71.2,41.7
2025-12-15 21:38:50,27.4,71.2,41.7
2025-12-15 21:38:55,17.5,71.3,41.7
2025-12-15 21:39:00,23.0,71.1,41.7
2025-12-15 21:39:05,15.5,70.1,41.7
2025-12-15 21:39:10,9.8,70.2,41.7
2025-12-15 21:39:15,17.3,70.3,41.7
2025-12-15 21:39:20,30.3,70.4,41.7
2025-12-15 21:39:25,30.2,71.8,41.7
2025-12-15 21:39:30,12.8,71.9,41.7
2025-12-15 21:39:35,26.4,72.1,41.7
2025-12-15 21:39:40,12.7,72.0,41.7
2025-12-15 21:39:45,10.1,71.9,41.7
2025-12-15 21:39:50,11.7,71.8,41.7
2025-12-15 21:39:55,13.7,71.8,41.7
2025-12-15 21:40:00,16.6,71.6,41.7
2025-12-15 21:40:05,21.7,70.7,41.7
2025-12-15 21:40:10,14.8,70.7,41.7
2025-12-15 21:40:15,13.0,71.3,41.7
2025-12-15 21:40:20,41.0,71.2,41.7
2025-12-15 21:40:25,37.9,70.0,41.7
2025-12-15 21:40:30,34.1,69.9,41.7
2025-12-15 21:40:35,11.6,70.3,41.7
2025-12-15 21:40:40,14.5,70.0,41.7
2025-12-15 21:40:45,13.7,70.0,41.7
2025-12-15 21:40:50,20.1,70.1,41.7
2025-12-15 21:40:55,33.0,70.8,41.7
2025-12-15 21:41:00,23.3,70.3,41.7
2025-12-15 21:41:05,27.9,69.8,41.7
2025-12-15 21:41:10,36.1,71.3,41.7
2025-12-15 21:41:15,9.4,71.1,41.7
2025-12-15 21:41:20,11.7,71.0,41.7
2025-12-15 21:41:25,15.1,70.8,41.7
2025-12-15 21:41:30,9.9,70.8,41.7
2025-12-15 21:41:35,9.4,70.7,41.7
2025-12-15 21:41:40,14.0,70.7,41.7
2025-12-15 21:41:45,8.2,70.8,41.7
2025-12-15 21:41:50,12.2,70.7,41.7
2025-12-15 21:41:55,13.5,70.8,41.7
2025-12-15 21:42:00,16.2,70.9,41.7
2025-12-15 21:42:05,13.6,71.0,41.7
2025-12-15 21:42:10,15.3,70.7,41.7
2025-12-15 21:42:15,8.4,70.7,41.7
2025-12-15 21:42:20,12.5,70.7,41.7
2025-12-15 21:42:25,13.8,70.6,41.7
2025-12-15 21:42:30,16.7,70.5,41.7
2025-12-15 21:42:35,15.5,70.8,41.7
2025-12-15 21:42:40,15.2,70.3,41.7
2025-12-15 21:42:45,11.3,70.1,41.7
2025-12-15 21:42:50,10.0,69.5,41.7
2025-12-15 21:42:55,16.4,69.4,41.7
2025-12-15 21:43:00,22.9,69.7,41.7
2025-12-15 21:43:05,11.4,69.7,41.7
2025-12-15 21:43:10,12.4,69.4,41.7
2025-12-15 21:43:15,15.3,69.4,41.7
2025-12-15 21:43:20,13.5,69.4,41.7
2025-12-15 21:43:25,18.2,69.3,41.7
2025-12-15 21:43:30,9.4,69.3,41.7
2025-12-15 21:43:35,19.3,69.4,41.7
2025-12-15 21:43:40,13.6,69.5,41.7
2025-12-15 21:43:45,9.2,69.4,41.7
2025-12-15 21:43:50,23.7,69.9,41.7
2025-12-15 21:43:55,16.1,69.9,41.7
2025-12-15 21:44:00,10.5,69.7,41.7
2025-12-15 21:44:05,10.9,69.5,41.7
2025-12-15 21:44:10,16.0,69.5,41.7
2025-12-15 21:44:15,14.2,69.5,41.7
2025-12-15 21:44:20,16.5,68.9,41.7
2025-12-15 21:44:25,15.5,68.9,41.7
2025-12-15 21:44:30,11.3,69.0,41.7
2025-12-15 21:44:35,21.6,69.2,41.7
2025-12-15 21:44:40,10.7,69.1,41.7
2025-12-15 21:44:45,10.6,68.9,41.7
2025-12-15 21:44:50,11.2,69.0,41.7
2025-12-15 21:44:55,29.5,69.7,41.7
2025-12-15 21:45:00,9.9,69.5,41.7
2025-12-15 21:45:05,20.2,69.4,41.7
2025-12-15 21:45:10,11.1,69.4,41.7
2025-12-15 21:45:15,12.4,69.3,41.7
2025-12-15 21:45:20,19.3,68.0,41.7
2025-12-15 21:45:25,18.6,69.5,41.7
2025-12-15 21:45:30,5.9,69.5,41.7
2025-12-15 21:45:35,20.5,69.9,41.7
2025-12-15 21:45:40,9.4,69.7,41.7
2025-12-15 21:45:45,5.6,69.4,41.7
2025-12-15 21:45:50,8.8,69.5,41.7
2025-12-15 21:45:55,9.8,67.9,41.7
2025-12-15 21:46:00,13.2,68.2,41.7
2025-12-15 21:46:05,10.6,68.3,41.7
2025-12-15 21:46:10,4.3,68.3,41.7
2025-12-15 21:46:15,3.6,68.2,41.7
2025-12-15 21:46:20,10.1,68.2,41.7
2025-12-15 21:46:25,4.2,68.9,41.7
2025-12-15 21:46:30,5.7,68.9,41.7
2025-12-15 21:46:35,21.9,69.1,41.7
2025-12-15 21:46:40,4.2,69.0,41.7
2025-12-15 21:46:45,5.6,68.8,41.7
2025-12-15 21:46:50,6.7,68.8,41.7
2025-12-15 21:46:55,5.2,68.5,41.7
2025-12-15 21:47:00,7.4,68.5,41.7
2025-12-15 21:47:05,7.7,68.3,41.7
2025-12-15 21:47:10,8.4,68.3,41.7
2025-12-15 21:47:15,10.7,68.2,41.7
2025-12-15 21:47:20,8.0,68.3,41.7
2025-12-15 21:47:25,6.0,68.5,41.7
2025-12-15 21:47:30,7.4,67.3,41.7
2025-12-15 21:47:35,6.0,67.3,41.7
2025-12-15 21:47:40,3.8,67.3,41.7
2025-12-15 21:47:45,7.3,67.2,41.7
2025-12-15 21:47:50,9.8,67.2,41.7
2025-12-15 21:47:55,3.9,67.2,41.7
2025-12-15 21:48:00,3.5,67.3,41.7
2025-12-15 21:48:05,4.9,67.3,41.7
2025-12-15 21:48:10,7.0,67.3,41.7
2025-12-15 21:48:15,6.2,67.3,41.7
2025-12-15 21:48:20,7.0,67.3,41.7
2025-12-15 21:48:25,2.7,67.3,41.7
2025-12-15 21:48:30,4.2,67.3,41.7
2025-12-15 21:48:35,24.3,69.1,41.7
2025-12-15 21:48:40,8.3,68.9,41.7
2025-12-15 21:48:45,3.5,68.3,41.7
2025-12-15 21:48:50,40.9,68.8,41.7
2025-12-15 21:48:55,8.8,69.0,41.7
2025-12-15 21:49:00,13.9,69.0,41.7
2025-12-15 21:49:05,78.0,69.8,41.7
2025-12-15 21:49:10,24.1,69.1,41.7
2025-12-15 21:49:15,17.9,69.7,41.7
2025-12-15 21:49:20,21.6,69.9,41.7
2025-12-15 21:49:25,18.5,69.7,41.7
2025-12-15 21:49:30,14.1,69.7,41.7
2025-12-15 21:49:35,32.8,70.7,41.7
2025-12-15 21:49:40,15.9,67.4,41.7
2025-12-15 21:49:45,13.9,67.5,41.7
2025-12-15 21:49:50,21.1,67.6,41.7
2025-12-15 21:49:55,17.6,67.6,41.7
2025-12-15 21:50:00,16.3,67.9,41.7
2025-12-15 21:50:05,24.3,68.3,41.7
2025-12-15 21:50:10,15.9,68.4,41.7
2025-12-15 21:50:15,14.0,68.4,41.7
2025-12-15 21:50:20,29.6,68.0,41.7
2025-12-15 21:50:25,7.5,67.8,41.7
2025-12-15 21:50:30,13.8,67.9,41.7
2025-12-15 21:50:35,31.0,66.7,41.7
2025-12-15 21:50:40,22.3,66.5,41.7
2025-12-15 21:50:45,16.1,67.2,41.7
2025-12-15 21:50:50,17.2,67.2,41.7
2025-12-15 21:50:55,12.7,67.2,41.7
2025-12-15 21:51:00,24.8,67.5,41.7
2025-12-15 21:51:05,16.9,67.8,41.7
2025-12-15 21:51:10,30.8,67.7,41.7
2025-12-15 21:51:15,13.1,69.1,41.7
2025-12-15 21:51:20,12.6,69.1,41.7
2025-12-15 21:51:25,14.4,69.1,41.7
2025-12-15 21:51:30,14.0,69.1,41.7
2025-12-15 21:51:35,34.2,70.6,41.7
2025-12-15 21:51:40,16.7,69.9,41.7
2025-12-15 21:51:45,12.3,69.8,41.7
2025-12-15 21:51:50,11.9,69.8,41.7
2025-12-15 21:51:55,25.0,70.2,41.7
2025-12-15 21:52:00,13.6,69.9,41.7
2025-12-15 21:52:05,37.4,69.0,41.7
2025-12-15 21:52:10,20.0,69.6,41.7
2025-12-15 21:52:15,16.9,70.2,41.7
2025-12-15 21:52:20,8.8,70.5,41.7
2025-12-15 21:52:25,11.1,70.3,41.7
2025-12-15 21:52:30,12.3,70.1,41.7
2025-12-15 21:52:35,11.2,70.6,41.7
2025-12-15 21:52:40,15.7,70.6,41.7
2025-12-15 21:52:45,15.0,70.5,41.7
2025-12-15 21:52:50,14.5,70.5,41.7
2025-12-15 21:52:55,16.3,70.2,41.7
2025-12-15 21:53:00,11.6,70.7,41.7
2025-12-15 21:53:05,15.5,70.5,41.7
2025-12-15 21:53:10,54.1,73.7,41.7
2025-12-15 21:53:15,40.8,74.2,41.7
2025-12-15 21:53:20,10.3,75.1,41.7
2025-12-15 21:53:25,30.7,75.0,41.7
2025-12-15 21:53:30,48.8,74.9,41.7
2025-12-15 21:53:35,15.8,74.3,41.7
2025-12-15 21:53:40,25.0,74.5,41.7
2025-12-15 21:53:45,15.7,73.6,41.7
2025-12-15 21:53:50,9.2,73.2,41.7
2025-12-15 21:53:55,8.9,73.0,41.7
2025-12-15 21:54:00,11.8,73.1,41.7
2025-12-15 21:54:05,9.1,72.7,41.7
2025-12-15 21:54:10,8.8,71.8,41.7
2025-12-15 21:54:15,9.6,71.6,41.7
2025-12-15 21:54:20,9.9,71.9,41.7
2025-12-15 21:54:25,10.8,71.9,41.7
2025-12-15 21:54:30,14.9,72.0,41.7
2025-12-15 21:54:35,10.2,71.9,41.7
2025-12-15 21:54:40,8.3,71.8,41.7
2025-12-15 21:54:45,9.0,72.3,41.7
2025-12-15 21:54:50,9.8,72.0,41.7
2025-12-15 21:54:55,14.8,72.0,41.7
2025-12-15 21:55:00,13.3,71.2,41.7
2025-12-15 21:55:05,10.6,71.8,41.7
2025-12-15 21:55:10,10.5,71.8,41.7
2025-12-15 21:55:15,12.4,71.7,41.7
2025-12-15 21:55:20,7.8,71.6,41.7
2025-12-15 21:55:25,10.5,71.5,41.7
2025-12-15 21:55:30,11.9,71.5,41.7
2025-12-15 21:55:35,13.9,71.7,41.7
2025-12-15 21:55:40,9.7,71.6,41.7
2025-12-15 21:55:45,10.1,71.5,41.7
2025-12-15 21:55:50,9.1,71.6,41.7
2025-12-15 21:55:55,9.1,71.6,41.7
2025-12-15 21:56:00,19.5,71.9,41.7
2025-12-15 21:56:05,13.4,71.8,41.7
2025-12-15 21:56:10,9.2,71.6,41.7
2025-12-15 21:56:15,16.8,71.1,41.7
2025-12-15 21:56:20,11.5,71.1,41.7
2025-12-15 21:56:25,9.5,71.1,41.7
2025-12-15 21:56:30,12.0,71.1,41.7
2025-12-15 21:56:35,20.7,71.4,41.7
2025-12-15 21:56:40,10.3,71.5,41.7
2025-12-15 21:56:45,17.6,71.7,41.7
2025-12-15 21:56:50,12.0,72.6,41.7
2025-12-15 21:56:55,15.9,72.9,41.7
2025-12-15 21:57:00,11.5,72.6,41.7
2025-12-15 21:57:05,14.9,72.2,41.7
2025-12-15 21:57:10,10.3,71.6,41.7
2025-12-15 21:57:15,31.7,71.6,41.7
2025-12-15 21:57:20,8.5,71.6,41.7
2025-12-15 21:57:25,11.4,71.8,41.7
2025-12-15 21:57:30,11.0,70.8,41.7
2025-12-15 21:57:35,11.0,70.6,41.7
2025-12-15 21:57:40,15.5,70.7,41.7
2025-12-15 21:57:45,9.7,70.9,41.7
2025-12-15 21:57:50,9.0,70.7,41.7
2025-12-15 21:57:55,9.7,70.5,41.7
2025-12-15 21:58:00,4.0,70.4,41.7
2025-12-15 21:58:05,15.9,70.5,41.7
2025-12-15 21:58:10,12.5,70.6,41.7
2025-12-15 21:58:15,10.8,70.5,41.7
2025-12-15 21:58:20,10.0,70.5,41.7
2025-12-15 21:58:25,15.1,70.3,41.7
2025-12-15 21:58:30,12.0,70.5,41.7
2025-12-15 21:58:35,22.2,70.8,41.7
2025-12-15 21:58:40,10.7,70.8,41.7
2025-12-15 21:58:45,12.9,70.7,41.7
2025-12-15 21:58:50,14.8,70.6,41.7
2025-12-15 21:58:55,16.3,71.2,41.7
2025-12-15 21:59:00,11.8,71.2,41.7
2025-12-15 21:59:05,10.9,70.9,41.7
2025-12-15 21:59:10,15.3,71.1,41.7
2025-12-15 21:59:15,11.9,70.8,41.7
2025-12-15 21:59:20,12.4,70.7,41.7
2025-12-15 21:59:25,10.5,70.6,41.7
2025-12-15 21:59:30,10.8,70.2,41.7
2025-12-15 21:59:35,9.0,70.3,41.7
2025-12-15 21:59:40,14.3,70.3,41.7
2025-12-15 21:59:45,19.1,70.6,41.7
2025-12-15 21:59:50,13.6,70.5,41.7
2025-12-15 21:59:55,13.2,70.5,41.7
2025-12-15 22:00:00,9.9,70.4,41.7
2025-12-15 22:00:05,30.7,70.9,41.7
2025-12-15 22:00:10,31.6,71.8,41.7
2025-12-15 22:00:15,64.5,76.0,41.7
2025-12-15 22:00:20,20.0,77.3,41.7
2025-12-15 22:00:25,14.7,76.6,41.7
2025-12-15 22:00:30,13.2,75.6,41.7
2025-12-15 22:00:35,32.5,74.8,41.7
2025-12-15 22:00:40,11.2,74.9,41.7
2025-12-15 22:00:45,10.9,74.3,41.7
2025-12-15 22:00:50,16.0,74.2,41.7
2025-12-15 22:00:55,13.2,73.7,41.7
2025-12-15 22:01:00,15.5,74.6,41.7
2025-12-15 22:01:05,73.1,75.5,41.7
2025-12-15 22:01:10,44.6,77.1,41.7
2025-12-15 22:01:15,16.6,77.2,41.7
2025-12-15 22:01:20,7.9,77.7,41.7
2025-12-15 22:01:25,12.2,76.9,41.7
2025-12-15 22:01:30,20.1,76.4,41.7
2025-12-15 22:01:35,12.6,76.0,41.7
2025-12-15 22:01:40,24.4,75.7,41.7
2025-12-15 22:01:45,15.8,76.3,41.7
2025-12-15 22:01:50,10.4,75.4,41.7
2025-12-15 22:01:55,13.7,75.4,41.7
2025-12-15 22:02:00,34.2,76.4,41.7
2025-12-15 22:02:05,17.5,76.8,41.7
2025-12-15 22:02:10,25.3,76.5,41.7
2025-12-15 22:02:15,14.2,77.5,41.7
2025-12-15 22:02:20,24.0,78.1,41.7
2025-12-15 22:02:25,17.0,78.4,41.7
2025-12-15 22:02:30,17.2,78.3,41.7
2025-12-15 22:02:35,12.2,78.0,41.7
2025-12-15 22:02:40,38.2,77.4,41.7
2025-12-15 22:02:45,35.9,77.6,41.7
2025-12-15 22:02:50,17.7,77.7,41.7
2025-12-15 22:02:55,18.9,78.2,41.7
2025-12-15 22:03:00,14.6,78.1,41.7
2025-12-15 22:03:05,20.0,78.3,41.7
2025-12-15 22:03:10,16.9,78.0,41.7
2025-12-15 22:03:15,47.2,79.2,41.7
2025-12-15 22:03:20,20.4,80.1,41.7
2025-12-15 22:03:25,22.8,79.9,41.7
2025-12-15 22:03:30,15.4,79.8,41.7
2025-12-15 22:03:35,17.1,79.8,41.7
2025-12-15 22:03:40,30.8,81.5,42.1
2025-12-15 22:03:45,27.9,81.7,42.1
2025-12-15 22:03:50,13.2,82.3,42.1
2025-12-15 22:03:55,27.7,81.7,42.1
2025-12-15 22:04:00,14.3,81.6,42.1
2025-12-15 22:04:05,10.5,81.7,42.1
2025-12-15 22:04:10,23.6,82.1,42.1
2025-12-15 22:04:15,25.6,82.2,42.1
2025-12-15 22:04:20,22.4,82.2,42.1
2025-12-15 22:04:25,21.8,82.0,42.1
2025-12-15 22:04:30,14.9,81.4,42.1
2025-12-15 22:04:35,16.2,81.4,42.1
2025-12-15 22:04:40,15.4,81.5,42.1
2025-12-15 22:04:45,20.0,81.4,42.1
2025-12-15 22:04:50,13.7,81.4,42.1
2025-12-15 22:04:55,22.1,81.4,42.1
2025-12-15 22:05:00,15.4,81.4,42.1
2025-12-15 22:05:05,14.1,81.4,42.1
2025-12-15 22:05:10,18.7,81.4,42.1
2025-12-15 22:05:15,16.7,81.5,42.1
2025-12-15 22:05:20,12.0,81.8,42.1
2025-12-15 22:05:25,21.7,81.1,42.1
2025-12-15 22:05:30,18.4,81.4,42.1
2025-12-15 22:05:35,18.4,81.4,42.1
2025-12-15 22:05:40,15.3,81.4,42.1
2025-12-15 22:05:45,19.1,81.5,42.1
2025-12-15 22:05:50,16.1,81.4,42.1
2025-12-15 22:05:55,11.9,81.4,42.1
2025-12-15 22:06:00,21.2,81.8,42.1
2025-12-15 22:06:05,19.3,81.8,42.1
2025-12-15 22:06:10,18.1,81.8,42.1
2025-12-15 22:06:15,17.1,81.8,42.1
2025-12-15 22:06:20,17.2,81.8,42.1
2025-12-15 22:06:25,13.6,81.8,42.1
2025-12-15 22:06:30,13.4,81.8,42.1
2025-12-15 22:06:35,16.4,81.8,42.1
2025-12-15 22:06:40,12.5,81.8,42.1
2025-12-15 22:06:45,19.0,82.1,42.1
2025-12-15 22:06:50,16.2,82.0,42.1
2025-12-15 22:06:55,19.0,81.9,42.1
2025-12-15 22:07:00,17.7,81.7,42.1
2025-12-15 22:07:05,22.0,81.7,42.1
2025-12-15 22:07:10,15.1,81.7,42.1
2025-12-15 22:07:15,14.4,81.7,42.1
2025-12-15 22:07:20,15.8,81.8,42.1
2025-12-15 22:07:25,16.2,82.1,42.1
2025-12-15 22:07:30,19.2,81.7,42.1
2025-12-15 22:07:35,10.2,81.6,42.1
2025-12-15 22:07:40,14.0,81.7,42.1
2025-12-15 22:07:45,21.5,81.7,42.1
2025-12-15 22:07:50,28.1,81.9,42.1
2025-12-15 22:07:55,10.9,81.9,42.1
2025-12-15 22:08:00,10.6,81.8,42.1
2025-12-15 22:08:05,16.6,81.8,42.1
2025-12-15 22:08:10,13.3,81.8,42.1
2025-12-15 22:08:15,12.9,82.0,42.1
2025-12-15 22:08:20,14.1,82.0,42.1
2025-12-15 22:08:25,10.8,82.0,42.1
2025-12-15 22:08:30,28.9,81.9,42.1
2025-12-15 22:08:35,16.1,81.8,42.1
2025-12-15 22:08:40,11.5,81.9,42.1
2025-12-15 22:08:45,11.4,81.9,42.1
2025-12-15 22:08:50,17.3,82.0,42.1
2025-12-15 22:08:55,12.3,82.1,42.1
2025-12-15 22:09:00,12.6,82.3,42.1
2025-12-15 22:09:05,14.7,83.1,42.1
2025-12-15 22:09:10,31.7,84.5,42.1
2025-12-15 22:09:15,25.4,85.2,42.1
2025-12-15 22:09:20,16.7,85.3,42.1
2025-12-15 22:09:25,19.9,85.0,42.1
2025-12-15 22:09:30,20.7,84.4,42.1
2025-12-15 22:09:35,13.6,84.4,42.1
2025-12-15 22:09:40,13.3,84.3,42.1
2025-12-15 22:09:45,13.4,84.2,42.1
2025-12-15 22:09:50,21.0,84.5,42.1
2025-12-15 22:09:55,20.5,84.3,42.1
2025-12-15 22:10:00,14.2,84.1,42.1
2025-12-15 22:10:05,15.0,84.2,42.1
2025-12-15 22:10:10,12.4,84.1,42.1
2025-12-15 22:10:15,32.1,84.3,42.1
2025-12-15 22:10:20,18.6,84.8,42.1
2025-12-15 22:10:25,15.4,84.6,42.1
2025-12-15 22:10:30,26.4,84.6,42.1
2025-12-15 22:10:35,34.2,85.1,42.1
2025-12-15 22:10:40,16.4,84.4,42.1
2025-12-15 22:10:45,18.8,84.0,42.1
2025-12-15 22:10:50,18.0,84.1,42.1
2025-12-15 22:10:55,18.4,84.1,42.1
2025-12-15 22:11:00,31.9,84.0,42.1
2025-12-15 22:11:05,25.7,83.7,42.1
2025-12-15 22:11:10,30.6,83.7,42.1
2025-12-15 22:11:15,41.0,83.6,42.1
2025-12-15 22:11:20,19.6,83.7,42.1
2025-12-15 22:11:25,17.2,83.7,42.1
2025-12-15 22:11:30,14.1,83.7,42.1
2025-12-15 22:11:35,27.0,84.0,42.1
2025-12-15 22:11:40,14.6,83.8,42.1
2025-12-15 22:11:45,16.9,83.3,42.1
2025-12-15 22:11:50,23.0,83.2,42.1
2025-12-15 22:11:55,12.3,82.9,42.1
2025-12-15 22:12:00,18.9,83.0,42.1
2025-12-15 22:12:05,16.2,83.0,42.1
2025-12-15 22:12:10,19.6,82.7,42.1
2025-12-15 22:12:15,21.6,82.7,42.1
2025-12-15 22:12:20,11.1,82.7,42.1
2025-12-15 22:12:25,21.5,82.4,42.1
2025-12-15 22:12:30,22.4,83.0,42.1
2025-12-15 22:12:35,27.9,83.9,42.1
2025-12-15 22:12:40,21.6,83.5,42.1
2025-12-15 22:12:45,17.6,82.9,42.1
2025-12-15 22:12:50,14.8,82.8,42.1
2025-12-15 22:12:55,20.0,83.8,42.1
2025-12-15 22:13:00,19.1,83.7,42.1
2025-12-15 22:13:05,14.9,83.1,42.1
2025-12-15 22:13:10,13.3,83.0,42.1
2025-12-15 22:13:15,29.3,84.1,42.1
2025-12-15 22:13:20,8.4,84.1,42.1
2025-12-15 22:13:25,19.6,84.2,42.1
2025-12-15 22:13:30,17.4,84.0,42.1
2025-12-15 22:13:35,28.4,84.4,42.1
2025-12-15 22:13:40,12.8,83.9,42.1
2025-12-15 22:13:45,12.6,83.8,42.1
2025-12-15 22:13:50,14.4,83.9,42.1
2025-12-15 22:13:55,13.2,84.0,42.1
2025-12-15 22:14:00,12.8,83.9,42.1
2025-12-15 22:14:05,22.3,83.9,42.1
2025-12-15 22:14:10,21.3,84.0,42.1
2025-12-15 22:14:15,35.7,84.1,42.1
2025-12-15 22:14:20,17.8,83.6,42.1
2025-12-15 22:14:25,14.2,83.5,42.1
2025-12-15 22:14:30,30.9,84.3,42.1
2025-12-15 22:14:35,32.6,85.4,42.1
2025-12-15 22:14:40,15.1,84.7,42.1
2025-12-15 22:14:45,18.3,84.8,42.1
2025-12-15 22:14:50,12.2,84.6,42.1
2025-12-15 22:14:55,15.5,84.5,42.1
2025-12-15 22:15:00,13.1,84.1,42.1
2025-12-15 22:15:05,14.7,84.0,42.1
2025-12-15 22:15:10,19.8,83.4,42.1
2025-12-15 22:15:15,17.5,83.4,42.1
2025-12-15 22:15:20,15.0,83.4,42.1
2025-12-15 22:15:25,19.8,82.9,42.1
2025-12-15 22:15:30,22.8,83.0,42.1
2025-12-15 22:15:35,29.7,83.9,42.1
2025-12-15 22:15:40,33.6,83.8,42.1
2025-12-15 22:15:45,15.9,83.9,42.1
2025-12-15 22:15:50,20.5,84.0,42.1
2025-12-15 22:15:55,19.1,84.0,42.1
2025-12-15 22:16:00,25.9,84.7,42.1
2025-12-15 22:16:05,17.1,84.1,42.1
2025-12-15 22:16:10,19.6,84.0,42.1
2025-12-15 22:16:15,17.8,83.7,42.1
2025-12-15 22:16:20,18.7,84.0,42.1
2025-12-15 22:16:25,18.3,83.8,42.1
2025-12-15 22:16:30,42.8,84.4,42.1
2025-12-15 22:16:35,17.4,84.2,42.1
2025-12-15 22:16:40,7.2,82.1,42.1
2025-12-15 22:16:45,11.5,82.0,42.1
2025-12-15 22:16:50,10.3,81.7,42.1
2025-12-15 22:16:55,8.6,81.7,42.1
2025-12-15 22:17:00,20.0,81.7,42.1
2025-12-15 22:17:05,7.0,81.9,42.1
2025-12-15 22:17:10,11.4,81.7,42.1
2025-12-15 22:17:15,11.9,81.7,42.1
2025-12-15 22:17:20,11.5,81.9,42.1
2025-12-15 22:17:25,17.7,82.6,42.1
2025-12-15 22:17:30,9.3,81.6,42.1
2025-12-15 22:17:35,19.8,82.2,42.1
2025-12-15 22:17:40,42.4,82.1,42.1
2025-12-15 22:17:45,33.1,81.8,42.1
2025-12-15 22:17:50,31.8,81.7,42.1
2025-12-15 22:17:55,16.9,81.7,42.1
2025-12-15 22:18:00,12.8,81.7,42.1
2025-12-15 22:18:05,13.0,81.7,42.1
2025-12-15 22:18:10,21.0,81.7,42.1
2025-12-15 22:18:15,18.5,81.8,42.1
2025-12-15 22:18:20,8.4,81.7,42.1
2025-12-15 22:18:25,11.6,81.7,42.1
2025-12-15 22:18:30,7.3,81.8,42.1
2025-12-15 22:18:35,13.5,81.8,42.1
2025-12-15 22:18:40,17.6,82.5,42.1
2025-12-15 22:18:45,17.3,82.0,42.1
2025-12-15 22:18:50,23.3,81.6,42.1
2025-12-15 22:18:55,26.5,81.4,42.1
2025-12-15 22:19:00,16.3,81.5,42.1
2025-12-15 22:19:05,21.6,81.5,42.1
2025-12-15 22:19:10,13.8,81.6,42.1
2025-12-15 22:19:15,14.0,81.5,42.1
2025-12-15 22:19:20,20.7,81.5,42.1
2025-12-15 22:19:25,16.0,81.6,42.1
2025-12-15 22:19:30,7.4,81.7,42.1
2025-12-15 22:19:35,4.6,81.5,42.1
2025-12-15 22:19:40,6.9,81.2,42.1
2025-12-15 22:19:45,12.5,81.2,42.1
2025-12-15 22:19:50,6.7,81.2,42.1
2025-12-15 22:19:55,7.9,81.2,42.1
2025-12-15 22:20:00,4.8,81.2,42.1
2025-12-15 22:20:05,5.4,81.2,42.1
2025-12-15 22:20:10,7.5,81.1,42.1
2025-12-15 22:20:15,6.1,81.1,42.1
2025-12-15 22:20:20,7.0,81.1,42.1
2025-12-15 22:20:25,13.8,80.6,42.1
2025-12-15 22:20:30,4.8,80.4,42.1
2025-12-15 22:20:35,12.3,80.3,42.1
2025-12-15 22:20:40,8.7,80.4,42.1
2025-12-15 22:20:45,14.8,80.3,42.1
2025-12-15 22:20:50,6.0,80.4,42.1
2025-12-15 22:20:55,13.3,80.5,42.1
2025-12-15 22:21:00,12.2,80.9,42.1
2025-12-15 22:21:05,6.3,81.0,42.1
2025-12-15 22:21:10,8.7,81.0,42.1
2025-12-15 22:21:15,12.8,81.0,42.1
2025-12-15 22:21:20,9.5,81.0,42.1
2025-12-15 22:21:25,10.5,80.9,42.1
2025-12-15 22:21:30,5.4,80.8,42.1
2025-12-15 22:21:35,6.2,80.8,42.1
2025-12-15 22:21:40,9.0,80.8,42.1
2025-12-15 22:21:45,9.0,80.8,42.1
2025-12-15 22:21:50,5.2,80.7,42.1
2025-12-15 22:21:55,8.1,80.6,42.1
2025-12-15 22:22:00,20.1,80.6,42.1
2025-12-15 22:22:05,6.8,80.6,42.1
2025-12-15 22:22:10,17.9,80.7,42.1
2025-12-15 22:22:15,12.2,80.7,42.1
2025-12-15 22:22:20,4.3,80.5,42.1
2025-12-15 22:22:25,15.6,80.3,42.1
2025-12-15 22:22:30,9.3,80.3,42.1
2025-12-15 22:22:35,7.2,80.2,42.1
2025-12-15 22:22:40,7.4,80.3,42.1
2025-12-15 22:22:45,4.0,80.4,42.1
2025-12-15 22:22:50,6.7,80.4,42.1
2025-12-15 22:22:55,8.2,80.3,42.1
2025-12-15 22:23:00,8.9,80.3,42.1
2025-12-15 22:23:05,10.2,80.4,42.1
2025-12-15 22:23:10,7.3,80.4,42.1
2025-12-15 22:23:15,11.2,80.6,42.1
2025-12-15 22:23:20,7.1,80.6,42.1
2025-12-15 22:23:25,15.1,80.5,42.1
2025-12-15 22:23:30,5.8,80.7,42.1
